﻿Designator,Footprint,Quantity,Value,LCSC Part #
"C1, C2, C3",0805,3,1u,
"D1, D10, D11, D12, D13, D14, D15, D16, D17, D18, D19, D2, D20, D21, D3, D4, D5, D6, D7, D8, D9",1210,21,LED,
J1,PinHeader_1x05_P2.54mm_Horizontal,1,Conn_01x05_Pin,
J2,PinSocket_1x05_P2.54mm_Horizontal,1,Conn_01x05_Pin,
"Q1, Q10, Q11, Q12, Q13, Q14, Q15, Q16, Q17, Q18, Q19, Q2, Q20, Q21, Q3, Q4, Q5, Q6, Q7, Q8, Q9",SOT-23,21,2N7002K,
"R1, R10, R11, R12, R13, R14, R15, R16, R17, R18, R19, R2, R20, R21, R3, R4, R5, R6, R7, R8, R9",0805,21,R,
"U1, U2, U3",SOIC-16_3.9x9.9mm_P1.27mm,3,74AHC595,
